Study_Hours,Sleep_Hours,Attendance,Previous_Marks,Predicted_Marks,Grade
6.0,12.0,81.0,74.0,100,A+
2.0,15.0,25.0,33.0,55.276122292904056,C
4.0,4.0,40.0,69.0,74.27601311102535,B
8.0,3.0,91.0,91.0,100,A+
